ImageId,TrueLabel,TargetClass,Pred
0c7ac4a8c9dfa802.png,306,779,306
4fc263d35a3ad3ee.png,244,123,244
cc13c2bc5cdd1f44.png,560,741,560
df58f94361c6d105.png,610,13,610
6cae4a23623d142b.png,583,440,583
d02adcb9140880a1.png,916,783,916
71080285ad6cb4e9.png,456,478,540
137ab6ca314e9e35.png,620,556,799
4b384c8247b56c0a.png,542,925,542
62ebd5f7ce015380.png,631,692,775
f24817d66024dfb6.png,742,740,742
3e7b01ba495f15f9.png,708,410,708
1a264165276e3c85.png,855,759,855
bc9a5e01c02e759e.png,923,18,923
01bdc0cfe670f708.png,472,541,472
493694833dc23399.png,538,835,538
7529b42e71769777.png,477,618,477
d204464fcf15ad99.png,300,269,300
7fd7ce3eb2bf9944.png,100,113,100
67967c9db11151e0.png,252,820,252
fa2a7d600b62174e.png,521,572,521
cd2d2889ef7ac51c.png,924,607,924
03f90f7138f761e8.png,664,490,664
9cf861a657c27cec.png,583,897,583
05817a675e7506d1.png,673,754,673
e1c702ed9842dd1c.png,693,757,693
150249123e81930d.png,923,485,923
890fdaf4e1892e00.png,313,692,313
9a1c67f467b9beea.png,303,90,303
3a7d9bd310202e93.png,790,660,790
56e9d5f63cfc507e.png,441,624,441
602f2c3749d6021e.png,747,106,747
8f5eda0b6a910b43.png,950,918,950
741fc1a3fc08731d.png,793,400,793
d77af00930283f4b.png,901,649,901
97151fe7a0a6e2e3.png,734,228,734
d72f34526e12fd83.png,442,325,442
957529a2abaa0581.png,883,648,883
3228a465697fb2cf.png,840,922,840
1733cbc68a2ae05d.png,556,892,556
8a82ddd7ab76efbb.png,511,908,511
e95ef0aeeab7b496.png,889,860,889
8555611998ea426a.png,991,497,991
1cc2caf8e5db27c3.png,431,607,431
a00c8d22e63497c4.png,431,892,431
4f553b721705d008.png,397,3,397
2153d9869fb5a9ef.png,645,942,645
7506caf0a49c3951.png,79,724,79
1d4133f5bc7af193.png,141,911,141
fd26c4733822dfcc.png,363,451,363
60f5900a00d94b25.png,706,558,706
b76e552d4b3ec0c3.png,992,191,992
3dc0e8f854bdc9b3.png,604,921,604
2e9b377877f64b3d.png,499,706,499
2842a69bf5b14526.png,880,757,880
a74f197288b10a0d.png,808,748,808
7a85f42383ec2f81.png,709,802,709
55e85d7b58024966.png,968,615,968
d6d192c5786f29f5.png,473,830,473
3692f6967c632fee.png,806,569,806
fae551840c1690fa.png,720,424,720
8020698d79dc39f2.png,855,954,855
694e7617a4878041.png,884,720,884
fa5484e61e455eb2.png,477,769,477
e6e677a28e3bd6d7.png,604,160,604
01f824264783f58d.png,968,678,968
4e1bdcb677f21fb4.png,874,779,874
f54616f2af588fd8.png,673,113,673
f20911d36a287dce.png,781,492,781
81a7637c67f4f777.png,490,836,490
65c1808390bd18c5.png,686,587,686
556d8b457b94c285.png,747,378,747
38546e7d7136c2ab.png,600,114,600
9876fe92d003c9d4.png,913,357,913
8df3dc0c3fef1824.png,951,843,951
938ada2f2bfa2b68.png,844,918,844
61131df39f19a4a0.png,615,867,615
06a0e36c443746b5.png,354,232,354
f9937696f421f4e4.png,85,491,85
c98a8640dcfaa5e0.png,747,847,747
d34c51d7523e9c0f.png,647,655,647
66aa56675136bbab.png,470,607,470
411c5d79017077f4.png,82,677,82
84640859ee739095.png,720,580,720
3e1e47f5af2a3f16.png,294,357,294
7a291389e67a8a07.png,417,637,417
afa0f88aaab03427.png,545,3,545
4d1237ccbd9a5b4b.png,815,423,815
6841e385fe79177f.png,830,833,830
b48febf2b989205b.png,760,635,760
39f82c728c956125.png,638,762,638
823f8eae0df2d5c1.png,95,570,95
6d6078c60e59e9f4.png,985,797,985
1f71668ab3dbe81b.png,709,967,709
70b3b833463d20b9.png,864,857,864
8800cff23fade16a.png,532,314,532
af2ac1705dc19a5f.png,384,99,384
87937b805302f958.png,418,873,418
f33087679c5e7799.png,443,588,443
e8d5809ee6888f8f.png,717,641,717
fe94909a2fad4ffe.png,547,965,547
00c3cd597f1ee96f.png,138,96,138
a5949b0719d3ea77.png,981,473,981
979757e16b67ac7e.png,323,798,323
60ab0fb53634bc3c.png,766,552,766
4063377442ea93d3.png,596,814,596
8f07c92f0af97807.png,806,108,806
d67b326ef48bb7b7.png,874,546,874
1f7c25207bc3e303.png,476,979,476
70d812d368e3e828.png,456,202,456
e19a59ad09d18497.png,443,915,443
a33af1b9f8b8a81b.png,880,667,880
e5cf220f8144c192.png,706,441,706
9455bd672cb9e4bd.png,522,582,522
9c509bfb75167fb0.png,641,748,641
37e7dc99bf2704c7.png,664,610,664
f2bfa7a95e787fe1.png,721,218,721
0f9d8c86a9f38020.png,760,118,760
ce05236afebb173d.png,536,510,536
1a7425e8f990e04a.png,608,676,608
1ba816dc6937b62d.png,860,768,860
a92e49d8bbdc2aae.png,533,564,533
0e0f1fd2ed183781.png,114,988,114
565c67fd230f18cc.png,555,854,555
b8596bba57a73794.png,352,41,352
9f55ac35ce9703e5.png,9,194,9
55323ce1ff485412.png,386,571,386
526f322d78bd5b44.png,571,288,571
229fbe790098d2e5.png,481,576,481
e0c0f412d78571dc.png,734,409,734
d12aad0d18252b40.png,325,39,325
3201d10ec4dca056.png,739,605,739
12cf4de43c70273e.png,815,833,815
56dbd7d814ef5c58.png,254,277,254
e91abe0f1a7a30f4.png,752,495,752
641d03527848417f.png,341,450,341
088560551b91ceb0.png,983,797,983
5d6c4759c26bae8c.png,547,746,547
9db1070b1b9f03d2.png,324,870,324
d6d42f8a1f6b4460.png,666,374,666
517dc655edeaf344.png,430,920,430
212476b1b58a0cfe.png,512,697,512
da4f4d6944d93ae0.png,735,779,735
1461ed9402248ddc.png,514,725,514
f0dcd519b5499d48.png,664,231,664
cfab8f880da31ad8.png,541,308,541
0be391239ccba0f2.png,719,996,719
8d68931ba23fdeb7.png,842,800,842
6bff4ecb94f1f84e.png,859,866,859
96fcb76927274db6.png,472,316,472
55b85f4336d9603a.png,880,30,880
a90d9627e2145090.png,426,722,426
f4bde5facfdca0c6.png,788,194,788
803450d936b35ebb.png,934,258,934
fff35cdcce3cde43.png,913,409,913
b58e8d136aff5a50.png,625,565,625
5c2d823a4d30e3d5.png,718,894,718
73728c249317ccb9.png,848,145,848
0b1d45bd9ab1064e.png,561,563,561
4b52fd42977215b9.png,901,627,901
5dbfff56258cf9e6.png,318,385,318
c47ca11294a9aefe.png,547,119,547
44fa09bc5f8e69a5.png,304,990,304
70db5a1689f89129.png,434,472,434
d531a31add433f46.png,764,769,764
4d0c0f35a0c00bdc.png,680,432,680
33197fa6ae88508a.png,848,30,848
78059d1afd7b9fea.png,58,248,58
e8c99e0220ab46d2.png,591,535,591
c755f3b0f89028fc.png,566,827,566
784232355d49601b.png,327,161,327
e99ceff3e420ef95.png,831,768,831
23955512cd0e1191.png,476,742,476
d6eac6858474111c.png,323,250,323
8d90c523b27410a7.png,321,563,321
5cf72b48fdf5e419.png,630,744,630
228fec6cab5f560d.png,974,931,974
e7b61bec5e4ca40e.png,324,674,324
c7d0c73d636300f5.png,830,801,830
61ed2594a0524631.png,472,996,472
89f48bcf97aa6600.png,418,70,418
9fe19d5c6dab83a3.png,455,805,455
e648427e38e80ff8.png,888,617,888
e758de2cbb3d10a0.png,305,905,305
38287d2e5a4a9a57.png,960,798,960
c6e0d2ab3bbf4a3e.png,706,838,706
4cccb215bd60b3c3.png,33,341,33
1cbae41091a750dc.png,473,814,473
de40907c1e2c5515.png,629,486,629
35c344ca0584ba14.png,688,831,688
c335ce88293384f2.png,735,629,735
daa6404780b1af27.png,638,999,638
446b24f903b488fc.png,144,839,144
d7ffed8f21024a14.png,752,922,752
7d599306068f4594.png,717,514,717
0d6463e9a7ef6185.png,771,786,771
af543b5f19ed1b1d.png,40,391,40
c5c9d17672ff88ce.png,458,266,458
80177288cda51d95.png,641,605,641
5b60477a29c7ef81.png,416,700,416
19d43f8204d3183d.png,985,378,985
2b741c5c635a7295.png,108,634,108
ab8329c28d8538c3.png,469,13,469
d0029b3675b792ae.png,790,902,790
69854b68476d5068.png,893,733,893
4bdb561770b52424.png,147,184,147
a92ab9e5fb9c5d64.png,629,457,629
8c6edf1ddfb61102.png,889,123,889
c135b139d293f7f2.png,347,491,347
7d2e9b03ec1b630b.png,401,535,401
29fe8d653950a631.png,80,542,80
d4c817db6be62b71.png,95,164,95
1e77361718213a43.png,440,435,440
6711e27733cfd050.png,718,733,718
df874264566c58a9.png,742,152,742
abd121ef53a69ef8.png,240,335,240
5021e7da00bf43b2.png,480,937,480
ebdfdcba5dc3b72a.png,868,600,868
68274b8293271807.png,834,579,834
a84ead15406596ce.png,480,937,480
5d1df4748743d42e.png,964,322,964
6e840c209f5733d5.png,442,750,442
46b657df12fd7c26.png,284,724,284
5c8bcfa0dbb246ab.png,818,581,818
afb0233b2e0545c4.png,581,959,581
1bb5f1337dfb1edd.png,641,293,641
64ed3f0e8a2dc320.png,653,410,653
d25df1a8259d3fdf.png,161,833,161
184a160b32ff4c72.png,518,717,518
4f722cab5573a5fb.png,885,392,885
f4902a569fa12171.png,950,992,950
eae13c52554a7783.png,781,848,781
b1e69e9c3d740f4c.png,4,833,4
2efe4916e679e875.png,866,926,866
49b1adfeb8ffcabd.png,932,671,932
83896b9fb7e9c2f8.png,537,547,537
f9f36f7774d73820.png,305,723,305
dad40e355e4e8e96.png,655,848,655
064e1cc405062c85.png,108,135,108
18d5f99fe237a306.png,815,77,815
d0c6c29954f0380b.png,431,96,431
c777da68bec01dcd.png,487,584,487
444109f3ccfacc7b.png,336,221,336
b722c809657aecee.png,777,640,777
97025d82ec9860dc.png,676,574,676
23f39187c0d00e30.png,972,658,972
515c6586db87bbd8.png,874,218,874
42e9b41ce96dbf0a.png,851,647,851
19b5bea9a7608a92.png,778,435,778
1a94dc47fdd84a95.png,870,830,870
e22a1c8dab22f256.png,311,11,311
d959fd91192d5717.png,629,596,629
8749fd2540a0cb01.png,833,448,833
8e9e976fc98e3cfa.png,666,740,666
330b9cb3cd80c88b.png,534,431,534
74b2e35cda75fe27.png,629,466,629
f5a2cf5c66d313fa.png,977,656,977
5ceb9f2e8405b0de.png,412,64,412
114c98c078c5aab0.png,50,108,50
d741b583a123562b.png,321,792,321
fdedd06cdf58084e.png,982,428,982
911aebf30626ce02.png,875,731,875
55599050147071cc.png,473,962,473
7f3c20f487834846.png,408,883,408
8c8bc30a62a1ee23.png,304,2,304
e96d52f9fbe3ca0b.png,631,435,631
ac295a63ac9d2cd7.png,693,864,693
5d23b04cc45bc37b.png,518,737,518
cbcb7444cc827812.png,763,786,763
5ec826683757ffae.png,23,369,23
b9310b9080c06e4f.png,867,269,867
4f9f0b75f5b04524.png,58,897,58
5c4eec952ca114a1.png,348,525,348
7f045354f4577c16.png,558,970,558
9c0e25e2f72438e8.png,512,506,512
adcf48b42266309d.png,505,589,505
3b67bec3793efcb4.png,822,746,822
67a08d685abf7fb6.png,739,710,739
22a313cc9fc2b4f1.png,310,940,310
0d85e0103989c850.png,324,722,324
c3cf76709c87255b.png,676,224,676
74355a8c878b6814.png,875,622,875
d6887e8d19a06139.png,563,45,563
0d65cb9d26de4d37.png,571,336,571
3df888fc3b1df464.png,955,383,955
5ab3f1edd2f0cb06.png,387,116,387
51b390bb124a6d9d.png,968,422,968
6ad1230d612d7eb7.png,438,680,438
76a5715019fe11c7.png,821,768,821
207fd3b5def218d1.png,991,279,991
ad43e858c614db4d.png,968,71,968
b3ba6f0352a29b2d.png,752,563,752
73ee2cc19ef92e50.png,982,686,982
84a5f6ee2af29208.png,321,513,321
58420b727fcab02b.png,138,168,138
0e0299d6352a3fb8.png,539,4,539
2ee4c1b2b9bcc6c8.png,763,785,763
24312de5c34473c0.png,874,820,874
bb748281da5e8681.png,348,694,348
b0bb1ea9bcc45800.png,845,456,845
b6c6a5b7829fbc9b.png,473,506,473
014f0024918a7b6f.png,10,885,10
7e4c41563370bed1.png,719,945,719
d05076189b7fd185.png,708,765,708
232c22314e21f764.png,115,904,115
2c54b60a2851b8ed.png,657,577,657
c96c3eab644075d3.png,348,300,348
54666421b4a6998f.png,920,759,920
4e34df87968bd882.png,339,379,339
96e77c20bf94ecb1.png,818,518,818
c9302f3b2b0452e4.png,884,892,884
0af0a5dfee6b84ff.png,484,808,484
592c7424f13b2d29.png,604,517,604
f5b0ed0fbb3b5f74.png,567,645,567
70a2529a6b2c0d46.png,580,550,580
000b7d55b6184b08.png,389,963,389
8a02b6196885c394.png,760,447,760
582663fe666aac9c.png,923,928,923
83d35591dfff99ac.png,581,857,581
3dfbdd066af9ca1e.png,821,5,821
59204d6bb0c234eb.png,418,703,418
d740663eeccdcecd.png,438,762,438
01dd15caa1b2c7b4.png,304,551,304
b97f4b95ae696316.png,518,399,518
c42c88890b5fc86d.png,671,112,671
d158837db31ed892.png,519,804,519
4a1a40a116088962.png,598,624,598
ba4508962af69d90.png,673,827,673
7069a117c92d27a4.png,546,186,546
72f96c6dc5df2de8.png,885,784,885
6609c25b3314b5b3.png,512,878,512
52d8515abbfaa8ac.png,230,634,230
a7f9b28e30d19d85.png,662,699,662
b2a7e558f1a3ff16.png,620,536,620
1a95932427129cda.png,657,465,657
d4579363596fbf21.png,833,889,833
f7dd570a0cfe1dcc.png,669,55,669
2d23b1dab7e3e9c0.png,511,971,511
6b27728f0f816dc6.png,638,874,638
9b4cab2ffb0c0754.png,975,963,975
33adbc27fdcadd65.png,924,716,924
eb53098ebcf05e64.png,564,601,564
8c609b06a60af060.png,499,291,499
4c8a4414419ab0bb.png,662,848,662
093402dc35f59027.png,734,113,734
8bb7d10e97694eb5.png,143,393,141
820ae900a943d605.png,888,701,888
8859efd46fab37ff.png,923,599,923
dde9f0aadcb02874.png,981,640,981
13810fcac72f12ba.png,876,72,876
b1bf532ce2c4c3a1.png,875,557,830
5b85f98e0105d135.png,570,933,570
53c478ffc8ddb967.png,320,613,320
92c3f5e99d8ac862.png,664,362,664
fae45093bad0961a.png,529,528,529
0db0952967f6faa6.png,816,552,816
868af4a2e614f5ac.png,718,467,718
8e3324c208eb9a3b.png,822,741,822
5ff168f7d006f69c.png,683,106,683
3e9496f7652e1968.png,469,834,469
2f7d5ff922af55c4.png,481,633,481
412311ea17528b7c.png,764,440,764
00312c7e7196baf4.png,327,220,327
51d1c77f80467b59.png,977,538,977
b0e0e06e647b478f.png,484,915,484
c609f86fa706bb9e.png,113,889,113
7d833ac8ab852bd2.png,52,151,52
6ab876a15af539c4.png,984,611,984
71d368782c72e313.png,913,487,913
65b8c8b065069802.png,666,379,666
b0619a61cf135f5e.png,985,420,985
aa07ba1587ec047e.png,469,900,469
749ed3502293d019.png,475,578,475
791c3d333052ca64.png,964,908,964
90e9a43bfb6a68b7.png,867,476,867
8c5b5bc0f39e2e06.png,898,253,898
cc43200264a62126.png,981,590,981
be95f5be87f6fadd.png,459,603,459
ed3cb7f5154ae02d.png,980,747,980
8400742ba78ac009.png,971,671,971
1dfbeffd999f280e.png,582,569,582
eb8ce5ba5c47e344.png,669,893,669
f5dffe28fc19b6e7.png,918,730,918
8094d4088a08cf09.png,441,615,441
631b6820e91a9e3e.png,13,303,13
c0e0c11350b8740e.png,319,698,319
c663670c06c06ea4.png,909,903,909
49591319edeb6b3a.png,309,416,309
cc8d850717026796.png,662,791,662
ab3fef142d031784.png,657,737,657
9d55997552acf0de.png,260,199,260
c135337ca7a575ae.png,348,178,348
1e33aa336b89dcff.png,539,588,539
39a483e9a23716ed.png,676,646,676
5191cfba868056a5.png,971,793,971
4572c8986c28343b.png,437,535,437
7700d0ba053dc4bd.png,937,292,937
eab9755117160864.png,611,510,611
7d2a7bca22967f29.png,735,600,735
8e89734ed940e222.png,657,794,657
506b87b78daa499c.png,821,244,821
28652355cd12a1e7.png,308,63,308
abe9504895f6e8dd.png,566,607,566
dd984311bff04342.png,118,524,118
f7947af6545be760.png,418,722,418
01244097ca8ffdfa.png,91,563,91
3cf4bb0637d0f182.png,862,52,862
1d5361e858fe8462.png,499,523,499
6a50fbe8723a6a4a.png,563,597,975
001b5e6f1b89fd3b.png,577,909,577
25eef91443ded954.png,437,728,437
ed3f9b6a081a4802.png,818,210,818
5c847b72d1e1713f.png,556,522,556
707bce947d54bcd8.png,947,941,947
43fa89c17e628c06.png,133,885,133
5fc906f27c8975d2.png,979,367,979
2fc17ec1fad5d947.png,874,929,874
7b8413ef241118df.png,548,485,548
2e854fca826e54b3.png,858,596,858
f0add7f552d2d895.png,650,543,650
9d4674c86096e4bd.png,662,614,662
82b6f0bc71f5d0af.png,563,578,563
7453471febf1db6f.png,595,90,595
648231d9393250fd.png,548,650,548
864fffaf7a83b3f4.png,581,373,581
c179282bd977c6e0.png,672,105,672
40a7f086461190f3.png,493,841,493
839aa3d166b020cf.png,14,211,14
38bdd950c1d08be6.png,133,891,133
2d95297e468bdf9b.png,866,526,866
8868879c2acd5d9e.png,322,130,322
9534108b0e8dceb1.png,647,822,647
fbc6b98b13c768e2.png,459,566,459
7c3b0d93654b39cd.png,708,428,708
43694caa12d5f823.png,979,757,979
daa43d65c3b18a84.png,822,54,822
a8c3363bbcc7015c.png,739,840,739
93a0857ff81c25ce.png,548,959,548
b11fa0f292c0178f.png,702,901,702
1dc0533f87996962.png,566,853,566
589319c64adf5fce.png,699,588,699
7e73c7adc520e406.png,133,86,133
ebb4dad78cfd67a9.png,738,730,738
11afa51200515f9a.png,826,567,826
9f6fe669276f04cf.png,920,697,920
9ee13ecd8d6727c0.png,498,554,801
d1a723656dc08b5e.png,822,814,822
b89dbfcc49dcf156.png,889,467,889
5a0e21d54b9c4954.png,328,146,328
4b8517e927f32962.png,866,271,866
81804435ad51df95.png,437,241,437
e4941a341ace171a.png,709,298,709
77c72d0a01e1af70.png,428,836,428
32c0e4647ce5a812.png,327,743,327
54153d17b11b495c.png,657,551,657
fb1efda0b27d5289.png,848,203,848
721804d1d3a60206.png,909,34,909
dcb6b32cd80f2b1f.png,556,832,556
49c27b439d39a00c.png,490,418,490
3f40eba168e5d385.png,515,936,515
6c9f8901246faff2.png,629,689,629
a64ae1acd9d09a87.png,131,83,131
05f7c084329ff0c6.png,973,910,973
ac2a8a4777dbe746.png,896,46,896
3d75d9676ad6361c.png,151,517,151
686ea4ec999364ff.png,459,554,459
f63d58b5af16091f.png,716,420,716
d3aa8ee50458c020.png,431,874,431
2891f4aa2279d369.png,471,405,471
348ac56def3ccd35.png,916,533,916
d46216d31908163e.png,896,785,896
a8dd9ba15f7b817b.png,806,740,806
5224fec9ba33b50d.png,604,532,604
4a1a488e8a975f7c.png,920,833,920
d7c1d1632cf0acc7.png,404,873,404
ea65c0ff71e7ceb3.png,404,737,404
200285e90078210b.png,442,741,442
cec46dbd1fa3473a.png,898,246,898
6314b953a2f66e36.png,311,774,311
1f3f949ccbc81c93.png,304,666,304
04546cc5e537d7cd.png,426,649,426
73064ceb466612d5.png,719,673,719
ae78688b32986638.png,913,879,913
48762c2cd2ed47e1.png,755,308,755
b217644382dcd864.png,512,708,512
629138193e021cdf.png,885,739,885
90dfd75887f3e67b.png,986,45,986
5d6b9cadb6f9e1cd.png,896,746,896
a033832d9ff8913b.png,101,357,101
313ff0037b86260a.png,498,610,498
b19e2df06dbcccd9.png,673,816,673
0e83f990a04ed67d.png,822,52,822
e9811aebe8bed6e5.png,336,410,336
380053c506e32105.png,780,514,780
668bc83a884d24f9.png,3,391,3
be9a3bea2989a0b4.png,718,677,718
b74c05ecff5f99d8.png,407,568,407
7a51c260ca0e83e7.png,548,748,548
e89d48768917f563.png,459,308,459
080bec22a6b1d37d.png,760,818,760
e37b556e8889d2ec.png,752,618,752
67dd47336dc89421.png,818,949,818
c3e9a84e039df3ce.png,469,765,469
0134ba03294509a1.png,982,355,982
7d253f78ef6f029a.png,683,92,683
fecd59b8de8ae6f7.png,820,793,820
24159caf9c5e92be.png,708,743,708
7ca714cdcd5d36d9.png,780,106,780
fafbad0b3093a886.png,672,315,672
45315ea51da415ab.png,356,189,356
5f3ea3c6b683fb57.png,773,62,773
ccbcaf10176e78e0.png,923,858,923
c25da85d5d62b000.png,404,219,404
beb3e55c385feb12.png,815,881,815
ed3573d0c197fbaf.png,848,190,848
95d1a6be6786190f.png,891,983,891
c8abefc975e94b10.png,875,675,875
024f73e53c3c1f1d.png,580,638,580
35d67f3f70aeef92.png,980,582,980
d47c9aabecda0e12.png,986,199,986
d97c1f3f1c211d1a.png,979,467,979
a28beac14b9037da.png,405,351,405
44aa69f642b86628.png,880,549,880
6cc289dc7a8fce86.png,158,1000,158
a92babc0a6436d3b.png,760,655,760
9fbeb797de1e1639.png,763,511,763
5a8d5bc9bf40e832.png,519,634,519
aa4e1cf9cb6e7801.png,896,840,896
200735f93ea764f2.png,309,285,309
5d53f9bc389e98ad.png,265,468,265
5b974695c09ad165.png,991,393,991
becf3b004177ded6.png,986,457,986
4f04ca75d7aafc0a.png,840,633,840
8764eecf6e898c7f.png,484,711,484
c5f5e09f4f5fd41a.png,404,421,404
0e9bdc3ab80b1a71.png,367,335,367
c17d39b1eba4cc03.png,669,732,669
01fa4be27dd11b5d.png,451,829,451
490df9e021386d29.png,405,351,405
08fbf75e60a6efb7.png,484,666,484
fc583c08026e3d74.png,881,588,881
db6c6671a6924eba.png,407,412,407
5a6439b10c1f6761.png,320,871,320
218e02b6cfa0466e.png,699,217,699
3f8bf287f20333eb.png,973,713,973
be5543dc68f0b970.png,780,636,780
a4f718e554dd18dd.png,976,95,976
38c6124f40b8d845.png,896,19,896
2c9398f44d099e0f.png,522,482,522
d2d6ae6e0b8a0c31.png,986,601,986
fccfc3563cd562e1.png,977,656,977
6217866896fbe2b7.png,699,867,699
21554e755b9706d2.png,342,76,342
87a2147620d5e1cb.png,780,290,780
af3736cca01a2d28.png,318,766,317
5adb3d985cf217a9.png,405,875,405
1cfa5381359bff9f.png,422,852,422
cd40b0e46c9da574.png,662,739,662
e9ecdf28dc1d5a85.png,609,192,609
821aae58dc96b4b2.png,341,575,341
715335d5ddfca1f2.png,481,915,481
1be47d60e0156bbb.png,650,912,650
2ba52bcf59097dc8.png,971,850,971
3617bfc5d06bc196.png,885,554,885
143c74a57326fd40.png,422,423,422
d051e0bd46125123.png,669,776,669
84af93c72781b7f0.png,438,782,438
3e8bf1eee7083f6e.png,631,683,631
5528f7330399485f.png,74,212,74
635ea505879178ed.png,539,923,539
bb03be3702584eeb.png,672,624,672
8c975de17f3247d1.png,650,526,650
8d86fae18afef4e0.png,38,79,38
619a9d0eb2acdd82.png,885,843,744
9ab953cce5c7f879.png,443,367,443
a414ccf5c51454e0.png,830,866,830
26aa2e6ee43387e7.png,913,741,913
6afe58efa85756dc.png,929,849,929
0ceee9a38409e30c.png,484,712,484
57e62606f02d0251.png,548,646,548
91d18b353d5b3be2.png,931,26,931
21b0803c965f76ef.png,920,977,920
3d6e530955c60759.png,512,892,512
0aebe24fc257286e.png,561,315,561
3c970c84b598f2d9.png,780,597,780
c6166621198a3de4.png,986,747,986
134bfd93a04b88b2.png,581,962,581
4227a6e105cc0588.png,971,141,971
90ab38bb74020d5a.png,647,141,647
e5f15610a22098bb.png,672,575,672
4cd90a6459ce9571.png,719,622,719
cc283b8f7f46fbf0.png,574,962,574
5dd8e133e66ecd3a.png,142,346,142
8805b0b20d808c49.png,704,927,704
448a738f6dcba07e.png,563,416,563
e5948d6294eb8ca3.png,887,676,887
ce4a0aa202981fa8.png,9,738,9
3a93a4dc2c8c866a.png,25,470,25
d8e10d91ca06f8a5.png,418,568,418
59d085fdb8a522d8.png,960,28,960
516301f7fd74072e.png,885,537,885
f7f85c56122216e0.png,524,352,524
b31309b3aea0b4d8.png,542,686,542
0398af20cdc80e17.png,971,998,971
f041df267ce93962.png,975,48,975
8ff2f242d37fd0e9.png,834,544,834
7b1e8dddc4d3dd95.png,143,287,143
71e8af9d2a1988bc.png,780,532,780
6cb14870eaa6c645.png,341,759,341
29a22db782d2fd6a.png,529,833,529
bd0610feded7ec1b.png,763,709,763
0f2e8e58a991472b.png,120,697,120
8c5c46d627350cb2.png,780,59,780
f6449244abe058a0.png,920,549,920
4758e82e4d0eae1e.png,792,546,792
55ed9483245c673c.png,780,931,780
bf571602729dc613.png,23,975,23
1e4d8f729c80305c.png,472,425,472
eaa88f936210e51d.png,398,953,398
4b1c01b84f5167a6.png,719,501,840
986e14bd6ae80609.png,418,307,418
3c99b1263f54b352.png,704,342,704
d9b46861ab203acc.png,499,957,499
d173abdca8d08e00.png,611,473,611
f0920019f77fc2f8.png,563,706,563
9552c19d7e2bca89.png,948,490,948
f9877ce2f6a0b7d3.png,524,907,524
6367ac8abbfbee7f.png,975,460,975
d9e987a5da26eabf.png,669,654,669
55d4770499efeaa4.png,304,328,304
54f7c8c5af370662.png,854,904,854
f21635f78f294334.png,147,468,147
b67c95a6acb2f02b.png,782,995,782
37f1e5313e0e0954.png,995,582,995
e523da536c95ebd8.png,336,68,336
17655256e9e840db.png,484,841,484
e3fb28cd64b13ed5.png,595,759,595
409746e2fff0e9e5.png,431,355,431
ff83ee5de635fda6.png,822,417,822
d6a884049122f404.png,309,284,309
32581cf019042e32.png,986,883,986
51fd398284ce6523.png,982,634,982
b5350cf7e4c962d3.png,975,830,975
11bd90ea5ca8f6f1.png,673,440,673
244633b53f8cbef5.png,875,284,875
5948fbd35229358b.png,418,258,418
aca4f156b3f7a62e.png,310,227,310
dd059db2ad7c2bbe.png,718,685,718
397aa21ee684462f.png,16,273,16
c4f8b575d5929648.png,355,856,355
50179d5916b65cd4.png,806,809,806
38951edc87604648.png,448,273,448
5e781d29d1d9ec33.png,441,640,441
d3966ff1b248339d.png,752,690,752
80dcecc8754e64d2.png,336,286,336
3ecbd108c7a4a59a.png,405,801,405
a4d9f51a15d63047.png,709,231,709
245d9fddf4882422.png,558,949,558
6ee2a3e9f33a690f.png,980,669,980
9fcf2c59ff0ff9b6.png,975,483,975
aca0f7bb5634215e.png,448,139,448
f5bd6bd67c9f31b9.png,490,327,490
8c25acb3c180ab09.png,600,659,600
1dfc1acdb562105b.png,22,166,22
fbdde8cbc678bea7.png,934,83,934
2f3ef912ac6b0250.png,986,70,986
beeecacedee95b9b.png,404,190,404
17305ce8e6a2b746.png,889,776,889
61e2fbffc6975c45.png,95,755,95
d273531739675b8a.png,577,971,577
800bbac9e2e5974d.png,470,582,470
f00bd297dae41dfd.png,629,751,629
e597fa21734e89c4.png,341,933,341
a959719b8ad773bb.png,830,236,830
d32f8fed46bda042.png,664,556,664
3a18c30e8585b650.png,524,970,524
3f3fdf6909d02648.png,688,871,688
abed3321f9001b33.png,806,763,806
951bce0c4f695dc1.png,780,488,780
db3f8c29f1206c6d.png,780,757,780
e3deab462fb7c09b.png,896,629,896
7b9c901d0f735717.png,426,628,426
a73d3d29520b1712.png,699,907,699
33d792783c22d45f.png,324,879,324
90aff731f3c23326.png,558,593,558
2ae7111d7768957e.png,976,227,976
e6bea491b7b39c9d.png,923,25,923
824e1d499f83a4e9.png,458,557,458
d40343ec11465b3c.png,875,231,875
a37df1410c95fcb1.png,437,299,512
1bba4ef457be4add.png,22,459,22
9066202fcefbca71.png,874,906,874
3b9abecfb8ac2c2c.png,561,855,561
f126713ff16704b1.png,519,111,519
43692809404c2d2d.png,780,784,780
1d43c97815370034.png,780,680,780
1b8bbe97386a4b63.png,975,539,975
7b5bb3821e924e98.png,780,750,780
95d22c402431c2db.png,558,958,558
71522fb58f7879ee.png,629,526,629
bb4ef961035d26ec.png,815,728,815
f29cfc6cff019a05.png,699,550,699
3a6fdb1fd754242b.png,986,614,986
c4aa9d77cb1b4927.png,854,557,854
02851c38dfce98b0.png,986,931,986
509c3200ab099636.png,820,790,820
70dd1a97d4663a72.png,519,489,519
d1d5ad9f7db05c65.png,625,617,625
69720b5bb72880f7.png,146,492,146
b521cfe682e3c26a.png,706,479,706
4595c561ddece482.png,629,645,629
97c72b4e6148bdd6.png,972,564,972
e67ab4ba4bb4dea9.png,922,786,922
7f84a1fe9c7d2ae8.png,476,591,476
05fe1ace8eecf93e.png,808,481,808
62f1ea06dd035411.png,558,136,558
9f7aef192b8fa8b3.png,477,639,477
5ae100fdc51dfe53.png,746,454,746
f62f390eb1097576.png,515,379,515
0cde76c81018cc8a.png,472,779,472
09d9e27638cfd149.png,702,758,702
9137f22576f67221.png,779,311,779
51d545471e30a2e7.png,702,510,702
ed42252ca0c0fca5.png,542,439,542
ae87647541e29397.png,336,356,336
888207991e7d9a62.png,341,280,341
7000bf5f979d6820.png,718,722,718
e46f32ee2a471099.png,617,952,617
ca615289147a0fea.png,411,158,411
c871806d605af637.png,909,767,909
e8f105fba60a0633.png,139,519,139
49891ab8d826b5e2.png,780,919,780
defcc0e67346fb39.png,982,247,982
d089896392c68f10.png,928,796,928
7c6571d95eb491fc.png,978,596,978
aed5042a1020173c.png,404,828,404
4a20523c00280ebd.png,404,613,404
15553549d8ba09db.png,986,442,986
32014e1dcbcd9667.png,547,401,547
7941287d96e2a97d.png,821,651,821
4e600c516b012ccb.png,108,997,108
960c2fbb9393dac1.png,699,58,699
f7613103a3f7f606.png,490,360,490
9efa722b7b18ecab.png,519,446,519
41c70c3afeb54d03.png,820,474,820
0e5b6760664ca045.png,618,154,618
d173ff3d2e9a8e40.png,80,624,80
16299d503aca0747.png,709,71,709
41394f0da7ac8b12.png,313,90,313
d5692729bde701c6.png,459,784,459
1b7c237e43a63caf.png,404,672,404
269c7e4cf57800d5.png,921,757,921
69d411b3b5646afa.png,582,817,582
c0c524882c16f45e.png,985,77,985
11f5bfa0348cf73b.png,942,802,942
84eaa7c8e6f876fc.png,960,543,960
178f5890f92a92a0.png,490,931,490
ce99a0896f6c9277.png,964,316,964
e37fa47b70126729.png,889,788,889
bf962faabe206781.png,561,282,561
18ce1a3099ee3dac.png,629,600,629
568bc38f3ca1e354.png,680,849,680
790dee2e3edd6ad1.png,972,673,972
0c4219f2a19b5dc3.png,459,236,459
1755ddf241af4505.png,484,546,484
a8656992ebce4856.png,976,894,976
0cb005f7eeccb80a.png,868,370,868
9948070c7eb241cb.png,459,371,459
09e2a86d93e696c2.png,548,363,548
60bad371625ab964.png,702,493,702
e1d0a5989d08d8d9.png,976,49,976
89723de59bcd729f.png,820,496,820
4d4036763558c2b3.png,896,785,896
33e2a1137737fe19.png,848,708,848
109d5ba3faba5681.png,437,30,437
b301910b6e183645.png,747,507,747
adb7ebb0c1aa25d1.png,618,762,618
081f36a3036c82e9.png,405,632,405
0b428b3c371c490f.png,324,339,324
44ede47181b3ed7c.png,407,675,407
4d2279fbb77d5cf4.png,324,464,324
5e2795e93d116422.png,405,830,405
3d8d44a02f73c91c.png,688,900,688
953c5a4e009dee96.png,402,725,402
1b2127870b62dae3.png,780,437,780
29285c4a579d8c3c.png,418,48,418
cf648fe7d2176bdc.png,986,397,986
97445f57c27f2d47.png,977,796,977
c712cc9afaa22a99.png,519,538,519
acd617ee5f3f23a0.png,98,392,98
4fc0d5234680582e.png,780,23,780
e4bd6dffe8b8001f.png,848,662,848
9a7ccdb8130eea74.png,426,563,426
1a554d01773b4b91.png,780,397,780
a8cfdf9c34e0a2d9.png,688,44,688
0e75ebd66b9ab3cc.png,550,573,550
c0a4e548b5cbd6e1.png,821,751,821
6eb88bb1279e92f9.png,718,897,718
fc912e8f19f4e1c9.png,320,158,320
5f995220f250d08d.png,735,517,735
deee1f1106038ed0.png,723,569,723
2a4185153f0f76fc.png,662,118,662
718ef5a99da31acb.png,979,337,979
37c329eff6e5207a.png,459,991,459
76d4df36ca6fd78b.png,986,825,986
f27a10945fe9ff4b.png,979,953,979
771a3735ff67b691.png,971,492,971
06227762bad2b330.png,515,66,515
f63051413723905d.png,392,936,392
d46ebcc62af2acb9.png,303,89,303
27a61180fabb7637.png,582,874,582
099f98003eacf5a8.png,780,717,780
df852fb48bede2a9.png,966,647,966
6319d8a3f0340262.png,309,300,309
a600298956469f9f.png,706,630,706
ea9f35646c8e9570.png,820,978,820
cda835d476e0c303.png,780,717,780
ad422df43e2a757e.png,405,711,405
6cbe797e65839c6e.png,404,584,404
e0e32cf5266cd521.png,672,5,672
29596c93e9d20f40.png,561,721,561
e79ae44ee3c2a62b.png,780,663,780
8d84bc4e09806502.png,896,858,896
5f2138e8a283fea8.png,321,844,321
4f31358268225536.png,734,614,734
456f0845b4eae10c.png,973,945,973
f7e21aa5b89dc479.png,611,48,611
42d97cc2d5f30194.png,897,746,897
3417481b4e7b29c8.png,131,221,131
d5a9b43c6257b3ac.png,311,138,311
d4c06c1da1658af6.png,558,607,558
61716ea3da29278d.png,70,956,70
7608022af9de0911.png,437,945,437
b0e0d37759ce4e3a.png,948,435,948
6d818e8669f3ac61.png,434,139,434
926c676a37c8d8ca.png,975,138,975
13f692e45aad3439.png,534,879,534
23de0d55027dc7a3.png,739,627,739
e4b30712d50cef1d.png,133,148,133
71b36f834c4fe9ad.png,411,21,411
2def3fa0f5a6ba73.png,861,411,861
1864b9416370c851.png,604,656,604
50ebcb625858518c.png,752,839,752
5d587eaa33f6efec.png,986,521,986
0a0e6bfebdf57cbd.png,881,533,881
0a002669d7bdc690.png,519,513,519
56f3542e14bacdff.png,323,40,323
c3c7e3994bc34b59.png,645,316,645
c1e470254bb87522.png,683,224,683
0cb2feb744266fd0.png,719,561,450
1b735d0ca8fa4658.png,426,576,426
6ef50fd6d78ac91a.png,830,902,830
76a2bbf100fcadde.png,995,586,995
3aa1b2978bded6a7.png,986,521,986
11c4b54a964ff082.png,309,371,309
acb0d1c3621f8800.png,940,633,940
551d323118fb54d3.png,896,746,896
8f08f1f32cca10a5.png,875,969,875
d0eaf6fd93c44abe.png,109,68,109
8e08a9b7438577a5.png,629,808,629
47207907c465be67.png,718,630,718
6dfb92193c305bf8.png,569,988,569
f3332771b727a5ee.png,760,669,760
2fc2878b88ad6b2b.png,556,439,556
b98022eec66378e7.png,760,210,760
a40071ec26435025.png,985,831,985
9b5e40255d8797f1.png,806,969,806
746cdec58e3555ba.png,556,682,556
15cc30a72f8f9e95.png,986,813,986
6a2c70c10ec98aa9.png,725,705,725
b92c426bcdf4e43d.png,309,759,309
ac81b69c57b36643.png,577,816,577
993357c62f7de85b.png,756,685,756
7bbe4f3334281c71.png,519,772,519
7eda6af195a61a91.png,405,976,405
ab1b0fdece18272a.png,971,143,971
d00e37994716353a.png,976,692,976
96c9b394d26a0e07.png,426,837,426
7f6d8a15cec61bc8.png,144,423,144
96c07d57f5ab319a.png,302,469,302
21155a5258a45a27.png,364,493,364
5821b43dd6cffda0.png,979,504,979
a12f6199b2c667d5.png,848,729,848
2cd4f0f862b967ed.png,570,543,570
2da87918bc750711.png,808,442,808
ac6e0c07c374d5d3.png,816,831,816
d57b6311f42ceb01.png,780,491,780
fe1e574cec7ca19f.png,88,163,88
9eafc3680ef735a3.png,93,812,93
9011236561e23d43.png,405,472,405
22011cb97c752dac.png,422,778,422
ee6009e30c777a0c.png,975,354,975
b7fa44c32caaffb3.png,763,713,763
7813339c05a069fe.png,985,263,985
222d963ec296ba85.png,982,715,982
5d93f75020b4f99b.png,699,632,699
5e88f291092f01f2.png,120,622,120
a68e035407c80913.png,868,673,868
0bdc3c04749c45d0.png,725,66,725
f410f7e55ab34cd9.png,744,730,744
f0e41c05fd793215.png,975,728,975
8f7fcccbd5d77137.png,825,788,825
afab65c0134e89b7.png,986,229,986
b53c546e0c820bb3.png,913,728,913
74cbbe6557010b90.png,294,311,294
bc3c605c14599dc9.png,980,40,980
0760df7b9f52457d.png,822,575,822
4a43182fa48efb7b.png,806,778,806
ef1846af3e7a330b.png,95,89,95
50bcbeb838c1a63f.png,725,91,725
0e96ff091098f82a.png,920,894,920
c596ed9fb2fee4ce.png,499,764,499
8a45a1ea4a1a65cf.png,561,892,561
ee0ca63700e017cf.png,469,685,469
c39e14b985d2504a.png,495,979,495
20c7fdb3317a5432.png,866,804,866
e6076758f0c3c5f8.png,826,508,826
26dab12c8c3812b8.png,405,151,405
b33c0003b4b57bab.png,480,44,480
1386bd0426854bf7.png,611,367,611
070fdf97b04a48b3.png,115,324,115
123d524ff1fabfd8.png,629,601,629
7853d8c5bcddf639.png,458,486,458
19106fcec4aa5edc.png,669,820,669
eadcb6de5c696016.png,108,520,108
2c68c6ae26e649e7.png,780,948,780
173b3f63e7674dcc.png,459,517,459
6001cc9decf254ff.png,806,247,806
2cf1890535bdfe45.png,341,569,341
5205a1f46cba0dbe.png,971,989,971
63fa27eea73b1428.png,896,860,896
820e369be4f64c37.png,477,121,477
c790f093bea813b3.png,519,693,519
29a1066827fcfaca.png,450,360,450
9be422211168e7d4.png,311,372,311
4461c08e0e8ccad3.png,780,680,780
40fa67f6e533a165.png,144,780,144
8a8d7bb089dd305d.png,964,394,964
8aba9f1a3dac78f3.png,108,424,108
444c1d7cdc1fa734.png,971,883,971
31132b257261e655.png,459,148,459
2413f3c22fc92bc7.png,948,616,948
dd6a8febc0c953ef.png,644,45,644
1c8d37176aa05ac9.png,481,710,481
e6ce7bdc752558f7.png,512,249,512
e373c220d13963c4.png,704,535,704
c6b127ac8de0db8d.png,719,513,719
c63383968413f24b.png,780,872,780
52deba153ed4e0d2.png,780,39,780
ecdab98dacbe3d58.png,519,952,519
31d7acb588ab6203.png,859,345,859
486d49986d58de99.png,940,329,940
3cb4532bf414a515.png,821,402,821
c8b54d9146aaa440.png,709,10,709
22fadd66bd941d49.png,909,998,909
d676a27058888617.png,980,905,980
431f6f8fbf02b996.png,780,483,780
325789b40f7da9e0.png,854,573,854
30d3d719e61e2072.png,322,524,322
ca899ebaaa192e76.png,512,154,512
ba5ce414717dcdf4.png,780,136,780
4d05d6759e6bbea0.png,875,333,875
e03b970bb8b75246.png,650,306,650
2ca9a74e9461a362.png,975,884,975
6cabb8f2ed6a5e48.png,895,791,895
14f62659ed234e96.png,780,130,780
75a87ac21ad2e102.png,563,105,563
799da227df8b4e77.png,85,967,85
64970b901ef0209e.png,873,95,873
3c416fd66e2f7fa3.png,896,713,896
b64acf4eab440b2e.png,760,251,760
8ae56aa3aaf970ca.png,666,166,666
99c649f1364eb2ea.png,696,559,696
759e53c9e3f518f8.png,777,510,777
b1eea5e72b0bb211.png,908,515,908
01dadd6b781ef538.png,702,698,702
cd7adb9c241f3645.png,558,353,558
ae6d7204c6a7bf9f.png,979,962,979
43a8ba622aeb8907.png,490,846,490
45ad724c3815c7b8.png,848,524,848
bff44e5ba0d28c5d.png,407,465,407
c24ccdbf81172891.png,986,504,986
f54aeb5092ed5267.png,147,643,147
dc0efd47be5140b1.png,347,115,347
38426929a2c14bc3.png,618,132,618
2ec28ff082dd9ddc.png,986,199,986
755cad2db75470e8.png,806,161,806
c31bf2a561660a48.png,108,649,108
d4ae0b51e0c5c161.png,405,976,405
eff76dc3f74bdc0f.png,975,753,975
92cbae0f539f4693.png,638,328,638
a4855965f0ee1892.png,548,481,548
f8f8ac0b8c70545c.png,108,84,108
fb3c12256f23989b.png,810,513,810
279c74d94797c6ae.png,971,825,971
309a61f58932f9d3.png,324,68,324
d709b3b07426a833.png,923,43,923
82996d5a78866f57.png,563,569,563
8f64cebadc25455f.png,42,114,42
bf9772a06e6bd842.png,920,786,920
e02d997b35e0b442.png,704,835,704
a84245835f36d314.png,875,702,875
e67bc976a1e69a81.png,484,456,484
3835f34272b005a8.png,484,108,484
d56b109bb8dd4006.png,437,897,437
b81e7b2bd2324839.png,752,951,752
af5a6a757ef0acb0.png,629,591,629
949b6656c77fc44c.png,548,361,548
6862ec8595dc6c56.png,976,652,976
9f340eca7b32bd1e.png,821,402,821
5568d5c80c28f3a9.png,875,545,875
ff403c29ed79f115.png,896,827,896
00c290a290534440.png,973,267,973
1edabd3f528a988f.png,88,298,88
0bf52174bd593307.png,975,269,975
a518ced9fc09eeb3.png,975,99,975
cf9d921917a6554c.png,850,515,850
e5098db03fc02a79.png,100,493,100
4313065196ceb86a.png,780,919,780
d330fefbebf1068f.png,986,817,986
be9aaa2b5a32fe9b.png,405,374,405
91dafb69f1245da0.png,294,151,294
84e91c0b8ca02f79.png,405,556,405
74e357a88ff94a07.png,978,544,978
5f9d13820921fb77.png,100,846,100
e17b93ee3cbe1f0c.png,438,582,438
c17e418fda3eb851.png,519,263,519
e165dcbeb553716f.png,2,727,2
8f3505c8e6454794.png,459,787,459
49dcebfc5f06cf7b.png,405,393,405
4b74dc92cf2e80d0.png,108,532,108
01c0e6fbf97538ea.png,755,222,755
0791499bcccabe52.png,699,431,699
01b2592eec61252d.png,977,557,977
30e85d1e2c85669f.png,926,754,926
7cf5d1811b244ea3.png,512,696,512
dc4ba9edda1e2a75.png,407,637,407
9b716a09c14f9b79.png,512,547,512
55e190b917b6f461.png,537,921,555
722d7c82f9e52277.png,404,351,404
34622e0ecc448248.png,820,801,820
08d4d6367652408d.png,610,590,610
bdb95712664d9e5f.png,405,732,405
ca31395e1a54ce30.png,657,867,657
2188f85066df06cf.png,133,238,133
a23d4cb3e070d9df.png,512,627,512
d4381dfea17fcfa1.png,976,812,976
865c22c59f23a382.png,967,501,967
00d3094857416925.png,821,691,821
7b2da05adcfd033f.png,556,834,556
f8f90b6a2ff3a5ca.png,672,452,672
13992d45aea1ac78.png,308,574,308
86ff221686395d10.png,548,359,548
d24ff49949d9ac44.png,821,736,821
7c286d90b45671b7.png,760,284,760
cbd9875f2249282e.png,548,422,548
307a646d5907399b.png,718,275,718
e1a7288ef3c4fcd7.png,914,176,914
16975e74dfbd7402.png,975,292,975
57d1361e30f54c93.png,431,682,431
fe2e27a42f7ddd98.png,980,265,980
3bedd25b5a1dad51.png,982,242,982
26b01f31089459d0.png,980,499,980
48e691c7cc9bbabc.png,147,473,147
87c012e12f39ff79.png,407,786,407
cc6261571a779f34.png,610,571,610
cbad7143016a1593.png,820,97,820
703a0b79ba9ffb4c.png,459,943,459
4ae1e87e1855a760.png,662,460,662
ffd75e49a6c6cb04.png,638,946,638
0cda86f27b9c06d3.png,875,746,875
fcf19e03aa2008e4.png,512,685,512
0ffa4e0eef72f7ed.png,982,538,982
a74536baf84ffa47.png,655,320,655
cbcaa587c96b599b.png,777,430,777
eb3f60c3e0eb5675.png,405,442,405
415fd08b8c01f727.png,662,831,662
d8da85f009866249.png,459,398,459
79a6c5c8b04a7108.png,407,607,407
53953db800a896ff.png,548,297,548
ce2facd2fb6d0cbe.png,305,606,305
e1eb18e3c44ac514.png,875,608,875
bbdd9f5816a28b00.png,548,923,548
27b9e505c9a5b3ba.png,769,64,769
cccd3907158215eb.png,920,110,920
6b536636db03368a.png,441,808,441
bedcd9af3d03feab.png,780,879,780
4b116f872dd54eed.png,36,697,36
3c1b3819c671f1c7.png,404,819,404
3d2abcbe53ac654b.png,889,313,889
e0b447f9a4252571.png,132,324,132
761e179b569cbb65.png,976,85,976
c93a9fa0ccd5444b.png,204,322,204
037152a42a3d1e8c.png,627,730,627
1d56331cc332d8c0.png,752,873,574
366caad06763b53d.png,840,497,840
174cbab4303eb662.png,896,660,896
ec1c634bfdffe570.png,570,912,570
0bb78770d50d0b08.png,923,833,923
4686fea497a61d5c.png,792,620,792
c0cda0f5a54343b7.png,512,593,512
9c858a860598df4c.png,437,745,437
7f22cad03f98680c.png,548,199,548
8919aa6ab76b8a13.png,706,874,706
a8cfe84bfbb905b1.png,405,136,405
777c15a9f1bb7a0a.png,706,149,706
86a083993a32fc75.png,539,631,641
39215655c9a7178e.png,875,587,875
e14b7963298b695b.png,270,422,270
8c1296e3fc73bb1a.png,361,386,361
77dcba158e450113.png,760,871,760
e6557602770210ec.png,821,853,821
c54d9d576a077722.png,874,758,874
ddb9bf0eb25bf2b0.png,889,512,889
e64dc418e4347581.png,405,774,405
42e193ecfc2e3441.png,971,600,971
cab419eb5d18f714.png,404,70,404
74a81b0154ea464c.png,822,570,822
e38f625efd714dd6.png,982,1000,982
ac1b0876bbe8e9a4.png,426,250,426
ff8746649ab3f934.png,407,795,407
5775f0a2539557b5.png,920,801,920
00e0c970bacdb5a6.png,672,513,672
d74d464c3bb94dab.png,672,812,672
6269269e08fda904.png,704,590,704
196eeedde559e5a9.png,664,511,664
e855ba5abd770ab3.png,349,375,349
903e6d1d34d4c358.png,961,213,961
0557707195f0c04c.png,427,498,427
cfdfa6e881689ffd.png,672,858,672
37ba2e92645e5fdf.png,821,354,821
89e7fbd80e0de870.png,747,772,747
5034d259fe9dd9e7.png,536,709,536
2ed100c942fe2248.png,604,90,604
fe91741b82eba4ec.png,348,893,348
d46bda0f98ffd223.png,888,933,888
5d4d94f48ccd34cd.png,441,849,441
c5f061dcfb483a11.png,848,243,848
57cb2d0d4e60115f.png,977,998,977
4fd4885be5338a57.png,666,824,666
d226233e9e80c844.png,667,782,667
d8c4089a3576443d.png,672,313,672
7857c2b2999b6b0d.png,672,556,672
dbd5f5702c93d034.png,884,279,884
ffea2ed2fcef0dd0.png,699,461,699
081806d391df2390.png,719,678,719
7c01e0d1a303d2f3.png,441,829,441
017907ab47d2a23b.png,835,457,835
030299994195bfce.png,108,742,108
2faf3ea634f1c11c.png,986,104,986
1ab396f9a7dabcc6.png,752,489,752
0037457099831038.png,820,803,820
31c99affa0ec993e.png,976,238,985
fa6bae54bd5d8b13.png,806,609,806
f12d9fb74d93ac1b.png,148,414,148
89fba1b9f530ae70.png,896,856,896
5c89f0eb592da419.png,93,797,93
ca6ad83e69143e79.png,806,284,806
e1db6c0ddd408559.png,976,656,976
0a5db53c7286f8ab.png,980,777,980
3ff325032a8ab559.png,405,599,405
8e7f94eeded8fede.png,512,868,512
1cdd7d5724781f3e.png,818,566,818
36ad1ff75147f53e.png,484,847,484
de9cd631e3f1bb3b.png,443,855,443
b4da4e4c923c953c.png,548,662,548
a6cca368f8e25813.png,821,626,821
85ec66858f670b92.png,782,521,782
8ef712565196f839.png,662,272,662
31a2c1b6d289e197.png,487,897,487
5b892db51a31a5c0.png,752,106,752
4561d75e1eb2008d.png,709,92,709
8172f0fdfb6fb9b8.png,59,326,59
a95f9e82901ab8c9.png,971,445,971
d1626847eb98b247.png,297,667,297
c68023eba7275883.png,304,235,304
fa61b6c9d4988957.png,821,704,821
d21a0c974022fa0f.png,739,788,739
07e44b6351ae7c0e.png,821,765,821
7f7856afe236ce4f.png,426,798,426
09540b63dc9894c5.png,448,500,448
83d5a14d9ffa8eb1.png,976,626,978
ffce60210764e242.png,986,536,986
d441eb660d2c9b7a.png,978,256,978
8b2f06597a576599.png,793,749,793
27018a94efb8a53d.png,489,700,489
27e0d2d2a445edb5.png,980,871,980
438eeddd57911cdd.png,973,649,973
0b3e55f4f58ece40.png,600,882,600
aaa4f3f9d6d61aa9.png,442,583,442
34cd73dae4d33894.png,20,237,20
71683b3b80fcf92a.png,826,943,826
66c0d373c70f8015.png,508,580,508
81dfe18c7dd3deaf.png,563,158,563
6c45e7530872effb.png,976,352,976
0804141fc80a512b.png,752,790,752
4edf885a00cd08b6.png,895,450,895
39efdad3eeaf6fb8.png,743,477,743
ab1da57dc73af11f.png,704,87,704
d603622bdc1d91fc.png,408,599,408
a4c9ad41dbba56e0.png,664,426,699
ccebf4596e8cbda3.png,875,645,655
4721d7e8bd28c774.png,498,849,918
225a3247d50b337e.png,405,679,405
9e4d03d077a5b514.png,913,130,913
a40a92752aa6ea98.png,401,880,401
87991155b1d3f344.png,918,632,918
843f9eff05e7fbcc.png,672,812,672
e43946ff747a33b3.png,918,565,918
af47658929e9e020.png,815,797,815
f7d7f686b5d95aae.png,923,716,917
1ed36bcbf5dcaad2.png,874,925,874
646d3915eba3dd7c.png,669,930,669
cdb921ec7f0ca0bf.png,512,240,512
6b138f3aa500019c.png,566,786,566
aad61bf6c5001828.png,672,568,672
